lacode,laname,UTLA,Category,Country,restrictions,tier,url_local,url_national,local_socialgatheringsban,local_ruleofsix,local_householdmixing,local_smallgatherings,local_raves,local_stayinglocal,local_stayinghome,local_notstayingaway,local_businessclosures,local_openinghours,local_alcoholsalesrestrictions,national_socialgatherings,national_ruleofsix,national_householdmixing,national_smallgatherings,national_raves,national_stayinglocal,national_stayinghome,national_notstayingaway,national_businessclosures,national_openinghours,national_alcoholsalesrestrictions,national_travelrestrictions
E06000001,Hartlepool,Hartlepool,England,E,National,,,https://www.gov.uk/guidance/new-national-restrictions-from-5-november,0,0,0,0,0,0,0,0,0,0,0,1,0,0,0,1,0,1,0,1,0,1,0
E06000002,Middlesbrough,Middlesbrough,England,E,National,,,https://www.gov.uk/guidance/new-national-restrictions-from-5-november,0,0,0,0,0,0,0,0,0,0,0,1,0,0,0,1,0,1,0,1,0,1,0
E06000003,Redcar and Cleveland,Redcar and Cleveland,England,E,National,,,https://www.gov.uk/guidance/new-national-restrictions-from-5-november,0,0,0,0,0,0,0,0,0,0,0,1,0,0,0,1,0,1,0,1,0,1,0
E06000004,Stockton-on-Tees,Stockton-on-Tees,England,E,National,,,https://www.gov.uk/guidance/new-national-restrictions-from-5-november,0,0,0,0,0,0,0,0,0,0,0,1,0,0,0,1,0,1,0,1,0,1,0
E06000005,Darlington,Darlington,England,E,National,,,https://www.gov.uk/guidance/new-national-restrictions-from-5-november,0,0,0,0,0,0,0,0,0,0,0,1,0,0,0,1,0,1,0,1,0,1,0
E06000006,Halton,Halton,England,E,National,,,https://www.gov.uk/guidance/new-national-restrictions-from-5-november,0,0,0,0,0,0,0,0,0,0,0,1,0,0,0,1,0,1,0,1,0,1,0
E06000007,Warrington,Warrington,England,E,National,,,https://www.gov.uk/guidance/new-national-restrictions-from-5-november,0,0,0,0,0,0,0,0,0,0,0,1,0,0,0,1,0,1,0,1,0,1,0
E06000008,Blackburn with Darwen,Blackburn with Darwen,England,E,National,,,https://www.gov.uk/guidance/new-national-restrictions-from-5-november,0,0,0,0,0,0,0,0,0,0,0,1,0,0,0,1,0,1,0,1,0,1,0
E06000009,Blackpool,Blackpool,England,E,National,,,https://www.gov.uk/guidance/new-national-restrictions-from-5-november,0,0,0,0,0,0,0,0,0,0,0,1,0,0,0,1,0,1,0,1,0,1,0
E06000010,"Kingston upon Hull, City of","Kingston upon Hull, City of",England,E,National,,,https://www.gov.uk/guidance/new-national-restrictions-from-5-november,0,0,0,0,0,0,0,0,0,0,0,1,0,0,0,1,0,1,0,1,0,1,0
E06000011,East Riding of Yorkshire,East Riding of Yorkshire,England,E,National,,,https://www.gov.uk/guidance/new-national-restrictions-from-5-november,0,0,0,0,0,0,0,0,0,0,0,1,0,0,0,1,0,1,0,1,0,1,0
E06000012,North East Lincolnshire,North East Lincolnshire,England,E,National,,,https://www.gov.uk/guidance/new-national-restrictions-from-5-november,0,0,0,0,0,0,0,0,0,0,0,1,0,0,0,1,0,1,0,1,0,1,0
E06000013,North Lincolnshire,North Lincolnshire,England,E,National,,,https://www.gov.uk/guidance/new-national-restrictions-from-5-november,0,0,0,0,0,0,0,0,0,0,0,1,0,0,0,1,0,1,0,1,0,1,0
E06000014,York,York,England,E,National,,,https://www.gov.uk/guidance/new-national-restrictions-from-5-november,0,0,0,0,0,0,0,0,0,0,0,1,0,0,0,1,0,1,0,1,0,1,0
E06000015,Derby,Derby,England,E,National,,,https://www.gov.uk/guidance/new-national-restrictions-from-5-november,0,0,0,0,0,0,0,0,0,0,0,1,0,0,0,1,0,1,0,1,0,1,0
E06000016,Leicester,Leicester,England,E,National,,,https://www.gov.uk/guidance/new-national-restrictions-from-5-november,0,0,0,0,0,0,0,0,0,0,0,1,0,0,0,1,0,1,0,1,0,1,0
E06000017,Rutland,Rutland,England,E,National,,,https://www.gov.uk/guidance/new-national-restrictions-from-5-november,0,0,0,0,0,0,0,0,0,0,0,1,0,0,0,1,0,1,0,1,0,1,0
E06000018,Nottingham,Nottingham,England,E,National,,,https://www.gov.uk/guidance/new-national-restrictions-from-5-november,0,0,0,0,0,0,0,0,0,0,0,1,0,0,0,1,0,1,0,1,0,1,0
E06000019,"Herefordshire, County of","Herefordshire, County of",England,E,National,,,https://www.gov.uk/guidance/new-national-restrictions-from-5-november,0,0,0,0,0,0,0,0,0,0,0,1,0,0,0,1,0,1,0,1,0,1,0
E06000020,Telford and Wrekin,Telford and Wrekin,England,E,National,,,https://www.gov.uk/guidance/new-national-restrictions-from-5-november,0,0,0,0,0,0,0,0,0,0,0,1,0,0,0,1,0,1,0,1,0,1,0
E06000021,Stoke-on-Trent,Stoke-on-Trent,England,E,National,,,https://www.gov.uk/guidance/new-national-restrictions-from-5-november,0,0,0,0,0,0,0,0,0,0,0,1,0,0,0,1,0,1,0,1,0,1,0
E06000022,Bath and North East Somerset,Bath and North East Somerset,England,E,National,,,https://www.gov.uk/guidance/new-national-restrictions-from-5-november,0,0,0,0,0,0,0,0,0,0,0,1,0,0,0,1,0,1,0,1,0,1,0
E06000023,"Bristol, City of","Bristol, City of",England,E,National,,,https://www.gov.uk/guidance/new-national-restrictions-from-5-november,0,0,0,0,0,0,0,0,0,0,0,1,0,0,0,1,0,1,0,1,0,1,0
E06000024,North Somerset,North Somerset,England,E,National,,,https://www.gov.uk/guidance/new-national-restrictions-from-5-november,0,0,0,0,0,0,0,0,0,0,0,1,0,0,0,1,0,1,0,1,0,1,0
E06000025,South Gloucestershire,South Gloucestershire,England,E,National,,,https://www.gov.uk/guidance/new-national-restrictions-from-5-november,0,0,0,0,0,0,0,0,0,0,0,1,0,0,0,1,0,1,0,1,0,1,0
E06000026,Plymouth,Plymouth,England,E,National,,,https://www.gov.uk/guidance/new-national-restrictions-from-5-november,0,0,0,0,0,0,0,0,0,0,0,1,0,0,0,1,0,1,0,1,0,1,0
E06000027,Torbay,Torbay,England,E,National,,,https://www.gov.uk/guidance/new-national-restrictions-from-5-november,0,0,0,0,0,0,0,0,0,0,0,1,0,0,0,1,0,1,0,1,0,1,0
E06000030,Swindon,Swindon,England,E,National,,,https://www.gov.uk/guidance/new-national-restrictions-from-5-november,0,0,0,0,0,0,0,0,0,0,0,1,0,0,0,1,0,1,0,1,0,1,0
E06000031,Peterborough,Peterborough,England,E,National,,,https://www.gov.uk/guidance/new-national-restrictions-from-5-november,0,0,0,0,0,0,0,0,0,0,0,1,0,0,0,1,0,1,0,1,0,1,0
E06000032,Luton,Luton,England,E,National,,,https://www.gov.uk/guidance/new-national-restrictions-from-5-november,0,0,0,0,0,0,0,0,0,0,0,1,0,0,0,1,0,1,0,1,0,1,0
E06000033,Southend-on-Sea,Southend-on-Sea,England,E,National,,,https://www.gov.uk/guidance/new-national-restrictions-from-5-november,0,0,0,0,0,0,0,0,0,0,0,1,0,0,0,1,0,1,0,1,0,1,0
E06000034,Thurrock,Thurrock,England,E,National,,,https://www.gov.uk/guidance/new-national-restrictions-from-5-november,0,0,0,0,0,0,0,0,0,0,0,1,0,0,0,1,0,1,0,1,0,1,0
E06000035,Medway,Medway,England,E,National,,,https://www.gov.uk/guidance/new-national-restrictions-from-5-november,0,0,0,0,0,0,0,0,0,0,0,1,0,0,0,1,0,1,0,1,0,1,0
E06000036,Bracknell Forest,Bracknell Forest,England,E,National,,,https://www.gov.uk/guidance/new-national-restrictions-from-5-november,0,0,0,0,0,0,0,0,0,0,0,1,0,0,0,1,0,1,0,1,0,1,0
E06000037,West Berkshire,West Berkshire,England,E,National,,,https://www.gov.uk/guidance/new-national-restrictions-from-5-november,0,0,0,0,0,0,0,0,0,0,0,1,0,0,0,1,0,1,0,1,0,1,0
E06000038,Reading,Reading,England,E,National,,,https://www.gov.uk/guidance/new-national-restrictions-from-5-november,0,0,0,0,0,0,0,0,0,0,0,1,0,0,0,1,0,1,0,1,0,1,0
E06000039,Slough,Slough,England,E,National,,,https://www.gov.uk/guidance/new-national-restrictions-from-5-november,0,0,0,0,0,0,0,0,0,0,0,1,0,0,0,1,0,1,0,1,0,1,0
E06000040,Windsor and Maidenhead,Windsor and Maidenhead,England,E,National,,,https://www.gov.uk/guidance/new-national-restrictions-from-5-november,0,0,0,0,0,0,0,0,0,0,0,1,0,0,0,1,0,1,0,1,0,1,0
E06000041,Wokingham,Wokingham,England,E,National,,,https://www.gov.uk/guidance/new-national-restrictions-from-5-november,0,0,0,0,0,0,0,0,0,0,0,1,0,0,0,1,0,1,0,1,0,1,0
E06000042,Milton Keynes,Milton Keynes,England,E,National,,,https://www.gov.uk/guidance/new-national-restrictions-from-5-november,0,0,0,0,0,0,0,0,0,0,0,1,0,0,0,1,0,1,0,1,0,1,0
E06000043,Brighton and Hove,Brighton and Hove,England,E,National,,,https://www.gov.uk/guidance/new-national-restrictions-from-5-november,0,0,0,0,0,0,0,0,0,0,0,1,0,0,0,1,0,1,0,1,0,1,0
E06000044,Portsmouth,Portsmouth,England,E,National,,,https://www.gov.uk/guidance/new-national-restrictions-from-5-november,0,0,0,0,0,0,0,0,0,0,0,1,0,0,0,1,0,1,0,1,0,1,0
E06000045,Southampton,Southampton,England,E,National,,,https://www.gov.uk/guidance/new-national-restrictions-from-5-november,0,0,0,0,0,0,0,0,0,0,0,1,0,0,0,1,0,1,0,1,0,1,0
E06000046,Isle of Wight,Isle of Wight,England,E,National,,,https://www.gov.uk/guidance/new-national-restrictions-from-5-november,0,0,0,0,0,0,0,0,0,0,0,1,0,0,0,1,0,1,0,1,0,1,0
E06000047,County Durham,County Durham,England,E,National,,,https://www.gov.uk/guidance/new-national-restrictions-from-5-november,0,0,0,0,0,0,0,0,0,0,0,1,0,0,0,1,0,1,0,1,0,1,0
E06000049,Cheshire East,Cheshire East,England,E,National,,,https://www.gov.uk/guidance/new-national-restrictions-from-5-november,0,0,0,0,0,0,0,0,0,0,0,1,0,0,0,1,0,1,0,1,0,1,0
E06000050,Cheshire West and Chester,Cheshire West and Chester,England,E,National,,,https://www.gov.uk/guidance/new-national-restrictions-from-5-november,0,0,0,0,0,0,0,0,0,0,0,1,0,0,0,1,0,1,0,1,0,1,0
E06000051,Shropshire,Shropshire,England,E,National,,,https://www.gov.uk/guidance/new-national-restrictions-from-5-november,0,0,0,0,0,0,0,0,0,0,0,1,0,0,0,1,0,1,0,1,0,1,0
E06000052,Cornwall,Cornwall,England,E,National,,,https://www.gov.uk/guidance/new-national-restrictions-from-5-november,0,0,0,0,0,0,0,0,0,0,0,1,0,0,0,1,0,1,0,1,0,1,0
E06000053,Isles of Scilly,Isles of Scilly,England,E,National,,,https://www.gov.uk/guidance/new-national-restrictions-from-5-november,0,0,0,0,0,0,0,0,0,0,0,1,0,0,0,1,0,1,0,1,0,1,0
E06000054,Wiltshire,Wiltshire,England,E,National,,,https://www.gov.uk/guidance/new-national-restrictions-from-5-november,0,0,0,0,0,0,0,0,0,0,0,1,0,0,0,1,0,1,0,1,0,1,0
E06000055,Bedford,Bedford,England,E,National,,,https://www.gov.uk/guidance/new-national-restrictions-from-5-november,0,0,0,0,0,0,0,0,0,0,0,1,0,0,0,1,0,1,0,1,0,1,0
E06000056,Central Bedfordshire,Central Bedfordshire,England,E,National,,,https://www.gov.uk/guidance/new-national-restrictions-from-5-november,0,0,0,0,0,0,0,0,0,0,0,1,0,0,0,1,0,1,0,1,0,1,0
E06000057,Northumberland,Northumberland,England,E,National,,,https://www.gov.uk/guidance/new-national-restrictions-from-5-november,0,0,0,0,0,0,0,0,0,0,0,1,0,0,0,1,0,1,0,1,0,1,0
E06000058,"Bournemouth, Christchurch and Poole","Bournemouth, Christchurch and Poole",England,E,National,,,https://www.gov.uk/guidance/new-national-restrictions-from-5-november,0,0,0,0,0,0,0,0,0,0,0,1,0,0,0,1,0,1,0,1,0,1,0
E06000059,Dorset,Dorset,England,E,National,,,https://www.gov.uk/guidance/new-national-restrictions-from-5-november,0,0,0,0,0,0,0,0,0,0,0,1,0,0,0,1,0,1,0,1,0,1,0
E07000004,Aylesbury Vale,Buckinghamshire,England,E,National,,,https://www.gov.uk/guidance/new-national-restrictions-from-5-november,0,0,0,0,0,0,0,0,0,0,0,1,0,0,0,1,0,1,0,1,0,1,0
E07000005,Chiltern,Buckinghamshire,England,E,National,,,https://www.gov.uk/guidance/new-national-restrictions-from-5-november,0,0,0,0,0,0,0,0,0,0,0,1,0,0,0,1,0,1,0,1,0,1,0
E07000006,South Bucks,Buckinghamshire,England,E,National,,,https://www.gov.uk/guidance/new-national-restrictions-from-5-november,0,0,0,0,0,0,0,0,0,0,0,1,0,0,0,1,0,1,0,1,0,1,0
E07000007,Wycombe,Buckinghamshire,England,E,National,,,https://www.gov.uk/guidance/new-national-restrictions-from-5-november,0,0,0,0,0,0,0,0,0,0,0,1,0,0,0,1,0,1,0,1,0,1,0
E07000008,Cambridge,Cambridgeshire,England,E,National,,,https://www.gov.uk/guidance/new-national-restrictions-from-5-november,0,0,0,0,0,0,0,0,0,0,0,1,0,0,0,1,0,1,0,1,0,1,0
E07000009,East Cambridgeshire,Cambridgeshire,England,E,National,,,https://www.gov.uk/guidance/new-national-restrictions-from-5-november,0,0,0,0,0,0,0,0,0,0,0,1,0,0,0,1,0,1,0,1,0,1,0
E07000010,Fenland,Cambridgeshire,England,E,National,,,https://www.gov.uk/guidance/new-national-restrictions-from-5-november,0,0,0,0,0,0,0,0,0,0,0,1,0,0,0,1,0,1,0,1,0,1,0
E07000011,Huntingdonshire,Cambridgeshire,England,E,National,,,https://www.gov.uk/guidance/new-national-restrictions-from-5-november,0,0,0,0,0,0,0,0,0,0,0,1,0,0,0,1,0,1,0,1,0,1,0
E07000012,South Cambridgeshire,Cambridgeshire,England,E,National,,,https://www.gov.uk/guidance/new-national-restrictions-from-5-november,0,0,0,0,0,0,0,0,0,0,0,1,0,0,0,1,0,1,0,1,0,1,0
E07000026,Allerdale,Cumbria,England,E,National,,,https://www.gov.uk/guidance/new-national-restrictions-from-5-november,0,0,0,0,0,0,0,0,0,0,0,1,0,0,0,1,0,1,0,1,0,1,0
E07000027,Barrow-in-Furness,Cumbria,England,E,National,,,https://www.gov.uk/guidance/new-national-restrictions-from-5-november,0,0,0,0,0,0,0,0,0,0,0,1,0,0,0,1,0,1,0,1,0,1,0
E07000028,Carlisle,Cumbria,England,E,National,,,https://www.gov.uk/guidance/new-national-restrictions-from-5-november,0,0,0,0,0,0,0,0,0,0,0,1,0,0,0,1,0,1,0,1,0,1,0
E07000029,Copeland,Cumbria,England,E,National,,,https://www.gov.uk/guidance/new-national-restrictions-from-5-november,0,0,0,0,0,0,0,0,0,0,0,1,0,0,0,1,0,1,0,1,0,1,0
E07000030,Eden,Cumbria,England,E,National,,,https://www.gov.uk/guidance/new-national-restrictions-from-5-november,0,0,0,0,0,0,0,0,0,0,0,1,0,0,0,1,0,1,0,1,0,1,0
E07000031,South Lakeland,Cumbria,England,E,National,,,https://www.gov.uk/guidance/new-national-restrictions-from-5-november,0,0,0,0,0,0,0,0,0,0,0,1,0,0,0,1,0,1,0,1,0,1,0
E07000032,Amber Valley,Derbyshire,England,E,National,,,https://www.gov.uk/guidance/new-national-restrictions-from-5-november,0,0,0,0,0,0,0,0,0,0,0,1,0,0,0,1,0,1,0,1,0,1,0
E07000033,Bolsover,Derbyshire,England,E,National,,,https://www.gov.uk/guidance/new-national-restrictions-from-5-november,0,0,0,0,0,0,0,0,0,0,0,1,0,0,0,1,0,1,0,1,0,1,0
E07000034,Chesterfield,Derbyshire,England,E,National,,,https://www.gov.uk/guidance/new-national-restrictions-from-5-november,0,0,0,0,0,0,0,0,0,0,0,1,0,0,0,1,0,1,0,1,0,1,0
E07000035,Derbyshire Dales,Derbyshire,England,E,National,,,https://www.gov.uk/guidance/new-national-restrictions-from-5-november,0,0,0,0,0,0,0,0,0,0,0,1,0,0,0,1,0,1,0,1,0,1,0
E07000036,Erewash,Derbyshire,England,E,National,,,https://www.gov.uk/guidance/new-national-restrictions-from-5-november,0,0,0,0,0,0,0,0,0,0,0,1,0,0,0,1,0,1,0,1,0,1,0
E07000037,High Peak,Derbyshire,England,E,National,,,https://www.gov.uk/guidance/new-national-restrictions-from-5-november,0,0,0,0,0,0,0,0,0,0,0,1,0,0,0,1,0,1,0,1,0,1,0
E07000038,North East Derbyshire,Derbyshire,England,E,National,,,https://www.gov.uk/guidance/new-national-restrictions-from-5-november,0,0,0,0,0,0,0,0,0,0,0,1,0,0,0,1,0,1,0,1,0,1,0
E07000039,South Derbyshire,Derbyshire,England,E,National,,,https://www.gov.uk/guidance/new-national-restrictions-from-5-november,0,0,0,0,0,0,0,0,0,0,0,1,0,0,0,1,0,1,0,1,0,1,0
E07000040,East Devon,Devon,England,E,National,,,https://www.gov.uk/guidance/new-national-restrictions-from-5-november,0,0,0,0,0,0,0,0,0,0,0,1,0,0,0,1,0,1,0,1,0,1,0
E07000041,Exeter,Devon,England,E,National,,,https://www.gov.uk/guidance/new-national-restrictions-from-5-november,0,0,0,0,0,0,0,0,0,0,0,1,0,0,0,1,0,1,0,1,0,1,0
E07000042,Mid Devon,Devon,England,E,National,,,https://www.gov.uk/guidance/new-national-restrictions-from-5-november,0,0,0,0,0,0,0,0,0,0,0,1,0,0,0,1,0,1,0,1,0,1,0
E07000043,North Devon,Devon,England,E,National,,,https://www.gov.uk/guidance/new-national-restrictions-from-5-november,0,0,0,0,0,0,0,0,0,0,0,1,0,0,0,1,0,1,0,1,0,1,0
E07000044,South Hams,Devon,England,E,National,,,https://www.gov.uk/guidance/new-national-restrictions-from-5-november,0,0,0,0,0,0,0,0,0,0,0,1,0,0,0,1,0,1,0,1,0,1,0
E07000045,Teignbridge,Devon,England,E,National,,,https://www.gov.uk/guidance/new-national-restrictions-from-5-november,0,0,0,0,0,0,0,0,0,0,0,1,0,0,0,1,0,1,0,1,0,1,0
E07000046,Torridge,Devon,England,E,National,,,https://www.gov.uk/guidance/new-national-restrictions-from-5-november,0,0,0,0,0,0,0,0,0,0,0,1,0,0,0,1,0,1,0,1,0,1,0
E07000047,West Devon,Devon,England,E,National,,,https://www.gov.uk/guidance/new-national-restrictions-from-5-november,0,0,0,0,0,0,0,0,0,0,0,1,0,0,0,1,0,1,0,1,0,1,0
E07000061,Eastbourne,East Sussex,England,E,National,,,https://www.gov.uk/guidance/new-national-restrictions-from-5-november,0,0,0,0,0,0,0,0,0,0,0,1,0,0,0,1,0,1,0,1,0,1,0
E07000062,Hastings,East Sussex,England,E,National,,,https://www.gov.uk/guidance/new-national-restrictions-from-5-november,0,0,0,0,0,0,0,0,0,0,0,1,0,0,0,1,0,1,0,1,0,1,0
E07000063,Lewes,East Sussex,England,E,National,,,https://www.gov.uk/guidance/new-national-restrictions-from-5-november,0,0,0,0,0,0,0,0,0,0,0,1,0,0,0,1,0,1,0,1,0,1,0
E07000064,Rother,East Sussex,England,E,National,,,https://www.gov.uk/guidance/new-national-restrictions-from-5-november,0,0,0,0,0,0,0,0,0,0,0,1,0,0,0,1,0,1,0,1,0,1,0
E07000065,Wealden,East Sussex,England,E,National,,,https://www.gov.uk/guidance/new-national-restrictions-from-5-november,0,0,0,0,0,0,0,0,0,0,0,1,0,0,0,1,0,1,0,1,0,1,0
E07000066,Basildon,Essex,England,E,National,,,https://www.gov.uk/guidance/new-national-restrictions-from-5-november,0,0,0,0,0,0,0,0,0,0,0,1,0,0,0,1,0,1,0,1,0,1,0
E07000067,Braintree,Essex,England,E,National,,,https://www.gov.uk/guidance/new-national-restrictions-from-5-november,0,0,0,0,0,0,0,0,0,0,0,1,0,0,0,1,0,1,0,1,0,1,0
E07000068,Brentwood,Essex,England,E,National,,,https://www.gov.uk/guidance/new-national-restrictions-from-5-november,0,0,0,0,0,0,0,0,0,0,0,1,0,0,0,1,0,1,0,1,0,1,0
E07000069,Castle Point,Essex,England,E,National,,,https://www.gov.uk/guidance/new-national-restrictions-from-5-november,0,0,0,0,0,0,0,0,0,0,0,1,0,0,0,1,0,1,0,1,0,1,0
E07000070,Chelmsford,Essex,England,E,National,,,https://www.gov.uk/guidance/new-national-restrictions-from-5-november,0,0,0,0,0,0,0,0,0,0,0,1,0,0,0,1,0,1,0,1,0,1,0
E07000071,Colchester,Essex,England,E,National,,,https://www.gov.uk/guidance/new-national-restrictions-from-5-november,0,0,0,0,0,0,0,0,0,0,0,1,0,0,0,1,0,1,0,1,0,1,0
E07000072,Epping Forest,Essex,England,E,National,,,https://www.gov.uk/guidance/new-national-restrictions-from-5-november,0,0,0,0,0,0,0,0,0,0,0,1,0,0,0,1,0,1,0,1,0,1,0
E07000073,Harlow,Essex,England,E,National,,,https://www.gov.uk/guidance/new-national-restrictions-from-5-november,0,0,0,0,0,0,0,0,0,0,0,1,0,0,0,1,0,1,0,1,0,1,0
E07000074,Maldon,Essex,England,E,National,,,https://www.gov.uk/guidance/new-national-restrictions-from-5-november,0,0,0,0,0,0,0,0,0,0,0,1,0,0,0,1,0,1,0,1,0,1,0
E07000075,Rochford,Essex,England,E,National,,,https://www.gov.uk/guidance/new-national-restrictions-from-5-november,0,0,0,0,0,0,0,0,0,0,0,1,0,0,0,1,0,1,0,1,0,1,0
E07000076,Tendring,Essex,England,E,National,,,https://www.gov.uk/guidance/new-national-restrictions-from-5-november,0,0,0,0,0,0,0,0,0,0,0,1,0,0,0,1,0,1,0,1,0,1,0
E07000077,Uttlesford,Essex,England,E,National,,,https://www.gov.uk/guidance/new-national-restrictions-from-5-november,0,0,0,0,0,0,0,0,0,0,0,1,0,0,0,1,0,1,0,1,0,1,0
E07000078,Cheltenham,Gloucestershire,England,E,National,,,https://www.gov.uk/guidance/new-national-restrictions-from-5-november,0,0,0,0,0,0,0,0,0,0,0,1,0,0,0,1,0,1,0,1,0,1,0
E07000079,Cotswold,Gloucestershire,England,E,National,,,https://www.gov.uk/guidance/new-national-restrictions-from-5-november,0,0,0,0,0,0,0,0,0,0,0,1,0,0,0,1,0,1,0,1,0,1,0
E07000080,Forest of Dean,Gloucestershire,England,E,National,,,https://www.gov.uk/guidance/new-national-restrictions-from-5-november,0,0,0,0,0,0,0,0,0,0,0,1,0,0,0,1,0,1,0,1,0,1,0
E07000081,Gloucester,Gloucestershire,England,E,National,,,https://www.gov.uk/guidance/new-national-restrictions-from-5-november,0,0,0,0,0,0,0,0,0,0,0,1,0,0,0,1,0,1,0,1,0,1,0
E07000082,Stroud,Gloucestershire,England,E,National,,,https://www.gov.uk/guidance/new-national-restrictions-from-5-november,0,0,0,0,0,0,0,0,0,0,0,1,0,0,0,1,0,1,0,1,0,1,0
E07000083,Tewkesbury,Gloucestershire,England,E,National,,,https://www.gov.uk/guidance/new-national-restrictions-from-5-november,0,0,0,0,0,0,0,0,0,0,0,1,0,0,0,1,0,1,0,1,0,1,0
E07000084,Basingstoke and Deane,Hampshire,England,E,National,,,https://www.gov.uk/guidance/new-national-restrictions-from-5-november,0,0,0,0,0,0,0,0,0,0,0,1,0,0,0,1,0,1,0,1,0,1,0
E07000085,East Hampshire,Hampshire,England,E,National,,,https://www.gov.uk/guidance/new-national-restrictions-from-5-november,0,0,0,0,0,0,0,0,0,0,0,1,0,0,0,1,0,1,0,1,0,1,0
E07000086,Eastleigh,Hampshire,England,E,National,,,https://www.gov.uk/guidance/new-national-restrictions-from-5-november,0,0,0,0,0,0,0,0,0,0,0,1,0,0,0,1,0,1,0,1,0,1,0
E07000087,Fareham,Hampshire,England,E,National,,,https://www.gov.uk/guidance/new-national-restrictions-from-5-november,0,0,0,0,0,0,0,0,0,0,0,1,0,0,0,1,0,1,0,1,0,1,0
E07000088,Gosport,Hampshire,England,E,National,,,https://www.gov.uk/guidance/new-national-restrictions-from-5-november,0,0,0,0,0,0,0,0,0,0,0,1,0,0,0,1,0,1,0,1,0,1,0
E07000089,Hart,Hampshire,England,E,National,,,https://www.gov.uk/guidance/new-national-restrictions-from-5-november,0,0,0,0,0,0,0,0,0,0,0,1,0,0,0,1,0,1,0,1,0,1,0
E07000090,Havant,Hampshire,England,E,National,,,https://www.gov.uk/guidance/new-national-restrictions-from-5-november,0,0,0,0,0,0,0,0,0,0,0,1,0,0,0,1,0,1,0,1,0,1,0
E07000091,New Forest,Hampshire,England,E,National,,,https://www.gov.uk/guidance/new-national-restrictions-from-5-november,0,0,0,0,0,0,0,0,0,0,0,1,0,0,0,1,0,1,0,1,0,1,0
E07000092,Rushmoor,Hampshire,England,E,National,,,https://www.gov.uk/guidance/new-national-restrictions-from-5-november,0,0,0,0,0,0,0,0,0,0,0,1,0,0,0,1,0,1,0,1,0,1,0
E07000093,Test Valley,Hampshire,England,E,National,,,https://www.gov.uk/guidance/new-national-restrictions-from-5-november,0,0,0,0,0,0,0,0,0,0,0,1,0,0,0,1,0,1,0,1,0,1,0
E07000094,Winchester,Hampshire,England,E,National,,,https://www.gov.uk/guidance/new-national-restrictions-from-5-november,0,0,0,0,0,0,0,0,0,0,0,1,0,0,0,1,0,1,0,1,0,1,0
E07000095,Broxbourne,Hertfordshire,England,E,National,,,https://www.gov.uk/guidance/new-national-restrictions-from-5-november,0,0,0,0,0,0,0,0,0,0,0,1,0,0,0,1,0,1,0,1,0,1,0
E07000096,Dacorum,Hertfordshire,England,E,National,,,https://www.gov.uk/guidance/new-national-restrictions-from-5-november,0,0,0,0,0,0,0,0,0,0,0,1,0,0,0,1,0,1,0,1,0,1,0
E07000098,Hertsmere,Hertfordshire,England,E,National,,,https://www.gov.uk/guidance/new-national-restrictions-from-5-november,0,0,0,0,0,0,0,0,0,0,0,1,0,0,0,1,0,1,0,1,0,1,0
E07000099,North Hertfordshire,Hertfordshire,England,E,National,,,https://www.gov.uk/guidance/new-national-restrictions-from-5-november,0,0,0,0,0,0,0,0,0,0,0,1,0,0,0,1,0,1,0,1,0,1,0
E07000102,Three Rivers,Hertfordshire,England,E,National,,,https://www.gov.uk/guidance/new-national-restrictions-from-5-november,0,0,0,0,0,0,0,0,0,0,0,1,0,0,0,1,0,1,0,1,0,1,0
E07000103,Watford,Hertfordshire,England,E,National,,,https://www.gov.uk/guidance/new-national-restrictions-from-5-november,0,0,0,0,0,0,0,0,0,0,0,1,0,0,0,1,0,1,0,1,0,1,0
E07000105,Ashford,Kent,England,E,National,,,https://www.gov.uk/guidance/new-national-restrictions-from-5-november,0,0,0,0,0,0,0,0,0,0,0,1,0,0,0,1,0,1,0,1,0,1,0
E07000106,Canterbury,Kent,England,E,National,,,https://www.gov.uk/guidance/new-national-restrictions-from-5-november,0,0,0,0,0,0,0,0,0,0,0,1,0,0,0,1,0,1,0,1,0,1,0
E07000107,Dartford,Kent,England,E,National,,,https://www.gov.uk/guidance/new-national-restrictions-from-5-november,0,0,0,0,0,0,0,0,0,0,0,1,0,0,0,1,0,1,0,1,0,1,0
E07000108,Dover,Kent,England,E,National,,,https://www.gov.uk/guidance/new-national-restrictions-from-5-november,0,0,0,0,0,0,0,0,0,0,0,1,0,0,0,1,0,1,0,1,0,1,0
E07000109,Gravesham,Kent,England,E,National,,,https://www.gov.uk/guidance/new-national-restrictions-from-5-november,0,0,0,0,0,0,0,0,0,0,0,1,0,0,0,1,0,1,0,1,0,1,0
E07000110,Maidstone,Kent,England,E,National,,,https://www.gov.uk/guidance/new-national-restrictions-from-5-november,0,0,0,0,0,0,0,0,0,0,0,1,0,0,0,1,0,1,0,1,0,1,0
E07000111,Sevenoaks,Kent,England,E,National,,,https://www.gov.uk/guidance/new-national-restrictions-from-5-november,0,0,0,0,0,0,0,0,0,0,0,1,0,0,0,1,0,1,0,1,0,1,0
E07000112,Folkestone and Hythe,Kent,England,E,National,,,https://www.gov.uk/guidance/new-national-restrictions-from-5-november,0,0,0,0,0,0,0,0,0,0,0,1,0,0,0,1,0,1,0,1,0,1,0
E07000113,Swale,Kent,England,E,National,,,https://www.gov.uk/guidance/new-national-restrictions-from-5-november,0,0,0,0,0,0,0,0,0,0,0,1,0,0,0,1,0,1,0,1,0,1,0
E07000114,Thanet,Kent,England,E,National,,,https://www.gov.uk/guidance/new-national-restrictions-from-5-november,0,0,0,0,0,0,0,0,0,0,0,1,0,0,0,1,0,1,0,1,0,1,0
E07000115,Tonbridge and Malling,Kent,England,E,National,,,https://www.gov.uk/guidance/new-national-restrictions-from-5-november,0,0,0,0,0,0,0,0,0,0,0,1,0,0,0,1,0,1,0,1,0,1,0
E07000116,Tunbridge Wells,Kent,England,E,National,,,https://www.gov.uk/guidance/new-national-restrictions-from-5-november,0,0,0,0,0,0,0,0,0,0,0,1,0,0,0,1,0,1,0,1,0,1,0
E07000117,Burnley,Lancashire,England,E,National,,,https://www.gov.uk/guidance/new-national-restrictions-from-5-november,0,0,0,0,0,0,0,0,0,0,0,1,0,0,0,1,0,1,0,1,0,1,0
E07000118,Chorley,Lancashire,England,E,National,,,https://www.gov.uk/guidance/new-national-restrictions-from-5-november,0,0,0,0,0,0,0,0,0,0,0,1,0,0,0,1,0,1,0,1,0,1,0
E07000119,Fylde,Lancashire,England,E,National,,,https://www.gov.uk/guidance/new-national-restrictions-from-5-november,0,0,0,0,0,0,0,0,0,0,0,1,0,0,0,1,0,1,0,1,0,1,0
E07000120,Hyndburn,Lancashire,England,E,National,,,https://www.gov.uk/guidance/new-national-restrictions-from-5-november,0,0,0,0,0,0,0,0,0,0,0,1,0,0,0,1,0,1,0,1,0,1,0
E07000121,Lancaster,Lancashire,England,E,National,,,https://www.gov.uk/guidance/new-national-restrictions-from-5-november,0,0,0,0,0,0,0,0,0,0,0,1,0,0,0,1,0,1,0,1,0,1,0
E07000122,Pendle,Lancashire,England,E,National,,,https://www.gov.uk/guidance/new-national-restrictions-from-5-november,0,0,0,0,0,0,0,0,0,0,0,1,0,0,0,1,0,1,0,1,0,1,0
E07000123,Preston,Lancashire,England,E,National,,,https://www.gov.uk/guidance/new-national-restrictions-from-5-november,0,0,0,0,0,0,0,0,0,0,0,1,0,0,0,1,0,1,0,1,0,1,0
E07000124,Ribble Valley,Lancashire,England,E,National,,,https://www.gov.uk/guidance/new-national-restrictions-from-5-november,0,0,0,0,0,0,0,0,0,0,0,1,0,0,0,1,0,1,0,1,0,1,0
E07000125,Rossendale,Lancashire,England,E,National,,,https://www.gov.uk/guidance/new-national-restrictions-from-5-november,0,0,0,0,0,0,0,0,0,0,0,1,0,0,0,1,0,1,0,1,0,1,0
E07000126,South Ribble,Lancashire,England,E,National,,,https://www.gov.uk/guidance/new-national-restrictions-from-5-november,0,0,0,0,0,0,0,0,0,0,0,1,0,0,0,1,0,1,0,1,0,1,0
E07000127,West Lancashire,Lancashire,England,E,National,,,https://www.gov.uk/guidance/new-national-restrictions-from-5-november,0,0,0,0,0,0,0,0,0,0,0,1,0,0,0,1,0,1,0,1,0,1,0
E07000128,Wyre,Lancashire,England,E,National,,,https://www.gov.uk/guidance/new-national-restrictions-from-5-november,0,0,0,0,0,0,0,0,0,0,0,1,0,0,0,1,0,1,0,1,0,1,0
E07000129,Blaby,Leicestershire,England,E,National,,,https://www.gov.uk/guidance/new-national-restrictions-from-5-november,0,0,0,0,0,0,0,0,0,0,0,1,0,0,0,1,0,1,0,1,0,1,0
E07000130,Charnwood,Leicestershire,England,E,National,,,https://www.gov.uk/guidance/new-national-restrictions-from-5-november,0,0,0,0,0,0,0,0,0,0,0,1,0,0,0,1,0,1,0,1,0,1,0
E07000131,Harborough,Leicestershire,England,E,National,,,https://www.gov.uk/guidance/new-national-restrictions-from-5-november,0,0,0,0,0,0,0,0,0,0,0,1,0,0,0,1,0,1,0,1,0,1,0
E07000132,Hinckley and Bosworth,Leicestershire,England,E,National,,,https://www.gov.uk/guidance/new-national-restrictions-from-5-november,0,0,0,0,0,0,0,0,0,0,0,1,0,0,0,1,0,1,0,1,0,1,0
E07000133,Melton,Leicestershire,England,E,National,,,https://www.gov.uk/guidance/new-national-restrictions-from-5-november,0,0,0,0,0,0,0,0,0,0,0,1,0,0,0,1,0,1,0,1,0,1,0
E07000134,North West Leicestershire,Leicestershire,England,E,National,,,https://www.gov.uk/guidance/new-national-restrictions-from-5-november,0,0,0,0,0,0,0,0,0,0,0,1,0,0,0,1,0,1,0,1,0,1,0
E07000135,Oadby and Wigston,Leicestershire,England,E,National,,,https://www.gov.uk/guidance/new-national-restrictions-from-5-november,0,0,0,0,0,0,0,0,0,0,0,1,0,0,0,1,0,1,0,1,0,1,0
E07000136,Boston,Lincolnshire,England,E,National,,,https://www.gov.uk/guidance/new-national-restrictions-from-5-november,0,0,0,0,0,0,0,0,0,0,0,1,0,0,0,1,0,1,0,1,0,1,0
E07000137,East Lindsey,Lincolnshire,England,E,National,,,https://www.gov.uk/guidance/new-national-restrictions-from-5-november,0,0,0,0,0,0,0,0,0,0,0,1,0,0,0,1,0,1,0,1,0,1,0
E07000138,Lincoln,Lincolnshire,England,E,National,,,https://www.gov.uk/guidance/new-national-restrictions-from-5-november,0,0,0,0,0,0,0,0,0,0,0,1,0,0,0,1,0,1,0,1,0,1,0
E07000139,North Kesteven,Lincolnshire,England,E,National,,,https://www.gov.uk/guidance/new-national-restrictions-from-5-november,0,0,0,0,0,0,0,0,0,0,0,1,0,0,0,1,0,1,0,1,0,1,0
E07000140,South Holland,Lincolnshire,England,E,National,,,https://www.gov.uk/guidance/new-national-restrictions-from-5-november,0,0,0,0,0,0,0,0,0,0,0,1,0,0,0,1,0,1,0,1,0,1,0
E07000141,South Kesteven,Lincolnshire,England,E,National,,,https://www.gov.uk/guidance/new-national-restrictions-from-5-november,0,0,0,0,0,0,0,0,0,0,0,1,0,0,0,1,0,1,0,1,0,1,0
E07000142,West Lindsey,Lincolnshire,England,E,National,,,https://www.gov.uk/guidance/new-national-restrictions-from-5-november,0,0,0,0,0,0,0,0,0,0,0,1,0,0,0,1,0,1,0,1,0,1,0
E07000143,Breckland,Norfolk,England,E,National,,,https://www.gov.uk/guidance/new-national-restrictions-from-5-november,0,0,0,0,0,0,0,0,0,0,0,1,0,0,0,1,0,1,0,1,0,1,0
E07000144,Broadland,Norfolk,England,E,National,,,https://www.gov.uk/guidance/new-national-restrictions-from-5-november,0,0,0,0,0,0,0,0,0,0,0,1,0,0,0,1,0,1,0,1,0,1,0
E07000145,Great Yarmouth,Norfolk,England,E,National,,,https://www.gov.uk/guidance/new-national-restrictions-from-5-november,0,0,0,0,0,0,0,0,0,0,0,1,0,0,0,1,0,1,0,1,0,1,0
E07000146,King's Lynn and West Norfolk,Norfolk,England,E,National,,,https://www.gov.uk/guidance/new-national-restrictions-from-5-november,0,0,0,0,0,0,0,0,0,0,0,1,0,0,0,1,0,1,0,1,0,1,0
E07000147,North Norfolk,Norfolk,England,E,National,,,https://www.gov.uk/guidance/new-national-restrictions-from-5-november,0,0,0,0,0,0,0,0,0,0,0,1,0,0,0,1,0,1,0,1,0,1,0
E07000148,Norwich,Norfolk,England,E,National,,,https://www.gov.uk/guidance/new-national-restrictions-from-5-november,0,0,0,0,0,0,0,0,0,0,0,1,0,0,0,1,0,1,0,1,0,1,0
E07000149,South Norfolk,Norfolk,England,E,National,,,https://www.gov.uk/guidance/new-national-restrictions-from-5-november,0,0,0,0,0,0,0,0,0,0,0,1,0,0,0,1,0,1,0,1,0,1,0
E07000150,Corby,Northamptonshire,England,E,National,,,https://www.gov.uk/guidance/new-national-restrictions-from-5-november,0,0,0,0,0,0,0,0,0,0,0,1,0,0,0,1,0,1,0,1,0,1,0
E07000151,Daventry,Northamptonshire,England,E,National,,,https://www.gov.uk/guidance/new-national-restrictions-from-5-november,0,0,0,0,0,0,0,0,0,0,0,1,0,0,0,1,0,1,0,1,0,1,0
E07000152,East Northamptonshire,Northamptonshire,England,E,National,,,https://www.gov.uk/guidance/new-national-restrictions-from-5-november,0,0,0,0,0,0,0,0,0,0,0,1,0,0,0,1,0,1,0,1,0,1,0
E07000153,Kettering,Northamptonshire,England,E,National,,,https://www.gov.uk/guidance/new-national-restrictions-from-5-november,0,0,0,0,0,0,0,0,0,0,0,1,0,0,0,1,0,1,0,1,0,1,0
E07000154,Northampton,Northamptonshire,England,E,National,,,https://www.gov.uk/guidance/new-national-restrictions-from-5-november,0,0,0,0,0,0,0,0,0,0,0,1,0,0,0,1,0,1,0,1,0,1,0
E07000155,South Northamptonshire,Northamptonshire,England,E,National,,,https://www.gov.uk/guidance/new-national-restrictions-from-5-november,0,0,0,0,0,0,0,0,0,0,0,1,0,0,0,1,0,1,0,1,0,1,0
E07000156,Wellingborough,Northamptonshire,England,E,National,,,https://www.gov.uk/guidance/new-national-restrictions-from-5-november,0,0,0,0,0,0,0,0,0,0,0,1,0,0,0,1,0,1,0,1,0,1,0
E07000163,Craven,North Yorkshire,England,E,National,,,https://www.gov.uk/guidance/new-national-restrictions-from-5-november,0,0,0,0,0,0,0,0,0,0,0,1,0,0,0,1,0,1,0,1,0,1,0
E07000164,Hambleton,North Yorkshire,England,E,National,,,https://www.gov.uk/guidance/new-national-restrictions-from-5-november,0,0,0,0,0,0,0,0,0,0,0,1,0,0,0,1,0,1,0,1,0,1,0
E07000165,Harrogate,North Yorkshire,England,E,National,,,https://www.gov.uk/guidance/new-national-restrictions-from-5-november,0,0,0,0,0,0,0,0,0,0,0,1,0,0,0,1,0,1,0,1,0,1,0
E07000166,Richmondshire,North Yorkshire,England,E,National,,,https://www.gov.uk/guidance/new-national-restrictions-from-5-november,0,0,0,0,0,0,0,0,0,0,0,1,0,0,0,1,0,1,0,1,0,1,0
E07000167,Ryedale,North Yorkshire,England,E,National,,,https://www.gov.uk/guidance/new-national-restrictions-from-5-november,0,0,0,0,0,0,0,0,0,0,0,1,0,0,0,1,0,1,0,1,0,1,0
E07000168,Scarborough,North Yorkshire,England,E,National,,,https://www.gov.uk/guidance/new-national-restrictions-from-5-november,0,0,0,0,0,0,0,0,0,0,0,1,0,0,0,1,0,1,0,1,0,1,0
E07000169,Selby,North Yorkshire,England,E,National,,,https://www.gov.uk/guidance/new-national-restrictions-from-5-november,0,0,0,0,0,0,0,0,0,0,0,1,0,0,0,1,0,1,0,1,0,1,0
E07000170,Ashfield,Nottinghamshire,England,E,National,,,https://www.gov.uk/guidance/new-national-restrictions-from-5-november,0,0,0,0,0,0,0,0,0,0,0,1,0,0,0,1,0,1,0,1,0,1,0
E07000171,Bassetlaw,Nottinghamshire,England,E,National,,,https://www.gov.uk/guidance/new-national-restrictions-from-5-november,0,0,0,0,0,0,0,0,0,0,0,1,0,0,0,1,0,1,0,1,0,1,0
E07000172,Broxtowe,Nottinghamshire,England,E,National,,,https://www.gov.uk/guidance/new-national-restrictions-from-5-november,0,0,0,0,0,0,0,0,0,0,0,1,0,0,0,1,0,1,0,1,0,1,0
E07000173,Gedling,Nottinghamshire,England,E,National,,,https://www.gov.uk/guidance/new-national-restrictions-from-5-november,0,0,0,0,0,0,0,0,0,0,0,1,0,0,0,1,0,1,0,1,0,1,0
E07000174,Mansfield,Nottinghamshire,England,E,National,,,https://www.gov.uk/guidance/new-national-restrictions-from-5-november,0,0,0,0,0,0,0,0,0,0,0,1,0,0,0,1,0,1,0,1,0,1,0
E07000175,Newark and Sherwood,Nottinghamshire,England,E,National,,,https://www.gov.uk/guidance/new-national-restrictions-from-5-november,0,0,0,0,0,0,0,0,0,0,0,1,0,0,0,1,0,1,0,1,0,1,0
E07000176,Rushcliffe,Nottinghamshire,England,E,National,,,https://www.gov.uk/guidance/new-national-restrictions-from-5-november,0,0,0,0,0,0,0,0,0,0,0,1,0,0,0,1,0,1,0,1,0,1,0
E07000177,Cherwell,Oxfordshire,England,E,National,,,https://www.gov.uk/guidance/new-national-restrictions-from-5-november,0,0,0,0,0,0,0,0,0,0,0,1,0,0,0,1,0,1,0,1,0,1,0
E07000178,Oxford,Oxfordshire,England,E,National,,,https://www.gov.uk/guidance/new-national-restrictions-from-5-november,0,0,0,0,0,0,0,0,0,0,0,1,0,0,0,1,0,1,0,1,0,1,0
E07000179,South Oxfordshire,Oxfordshire,England,E,National,,,https://www.gov.uk/guidance/new-national-restrictions-from-5-november,0,0,0,0,0,0,0,0,0,0,0,1,0,0,0,1,0,1,0,1,0,1,0
E07000180,Vale of White Horse,Oxfordshire,England,E,National,,,https://www.gov.uk/guidance/new-national-restrictions-from-5-november,0,0,0,0,0,0,0,0,0,0,0,1,0,0,0,1,0,1,0,1,0,1,0
E07000181,West Oxfordshire,Oxfordshire,England,E,National,,,https://www.gov.uk/guidance/new-national-restrictions-from-5-november,0,0,0,0,0,0,0,0,0,0,0,1,0,0,0,1,0,1,0,1,0,1,0
E07000187,Mendip,Somerset,England,E,National,,,https://www.gov.uk/guidance/new-national-restrictions-from-5-november,0,0,0,0,0,0,0,0,0,0,0,1,0,0,0,1,0,1,0,1,0,1,0
E07000188,Sedgemoor,Somerset,England,E,National,,,https://www.gov.uk/guidance/new-national-restrictions-from-5-november,0,0,0,0,0,0,0,0,0,0,0,1,0,0,0,1,0,1,0,1,0,1,0
E07000189,South Somerset,Somerset,England,E,National,,,https://www.gov.uk/guidance/new-national-restrictions-from-5-november,0,0,0,0,0,0,0,0,0,0,0,1,0,0,0,1,0,1,0,1,0,1,0
E07000192,Cannock Chase,Staffordshire,England,E,National,,,https://www.gov.uk/guidance/new-national-restrictions-from-5-november,0,0,0,0,0,0,0,0,0,0,0,1,0,0,0,1,0,1,0,1,0,1,0
E07000193,East Staffordshire,Staffordshire,England,E,National,,,https://www.gov.uk/guidance/new-national-restrictions-from-5-november,0,0,0,0,0,0,0,0,0,0,0,1,0,0,0,1,0,1,0,1,0,1,0
E07000194,Lichfield,Staffordshire,England,E,National,,,https://www.gov.uk/guidance/new-national-restrictions-from-5-november,0,0,0,0,0,0,0,0,0,0,0,1,0,0,0,1,0,1,0,1,0,1,0
E07000195,Newcastle-under-Lyme,Staffordshire,England,E,National,,,https://www.gov.uk/guidance/new-national-restrictions-from-5-november,0,0,0,0,0,0,0,0,0,0,0,1,0,0,0,1,0,1,0,1,0,1,0
E07000196,South Staffordshire,Staffordshire,England,E,National,,,https://www.gov.uk/guidance/new-national-restrictions-from-5-november,0,0,0,0,0,0,0,0,0,0,0,1,0,0,0,1,0,1,0,1,0,1,0
E07000197,Stafford,Staffordshire,England,E,National,,,https://www.gov.uk/guidance/new-national-restrictions-from-5-november,0,0,0,0,0,0,0,0,0,0,0,1,0,0,0,1,0,1,0,1,0,1,0
E07000198,Staffordshire Moorlands,Staffordshire,England,E,National,,,https://www.gov.uk/guidance/new-national-restrictions-from-5-november,0,0,0,0,0,0,0,0,0,0,0,1,0,0,0,1,0,1,0,1,0,1,0
E07000199,Tamworth,Staffordshire,England,E,National,,,https://www.gov.uk/guidance/new-national-restrictions-from-5-november,0,0,0,0,0,0,0,0,0,0,0,1,0,0,0,1,0,1,0,1,0,1,0
E07000200,Babergh,Suffolk,England,E,National,,,https://www.gov.uk/guidance/new-national-restrictions-from-5-november,0,0,0,0,0,0,0,0,0,0,0,1,0,0,0,1,0,1,0,1,0,1,0
E07000202,Ipswich,Suffolk,England,E,National,,,https://www.gov.uk/guidance/new-national-restrictions-from-5-november,0,0,0,0,0,0,0,0,0,0,0,1,0,0,0,1,0,1,0,1,0,1,0
E07000203,Mid Suffolk,Suffolk,England,E,National,,,https://www.gov.uk/guidance/new-national-restrictions-from-5-november,0,0,0,0,0,0,0,0,0,0,0,1,0,0,0,1,0,1,0,1,0,1,0
E07000207,Elmbridge,Surrey,England,E,National,,,https://www.gov.uk/guidance/new-national-restrictions-from-5-november,0,0,0,0,0,0,0,0,0,0,0,1,0,0,0,1,0,1,0,1,0,1,0
E07000208,Epsom and Ewell,Surrey,England,E,National,,,https://www.gov.uk/guidance/new-national-restrictions-from-5-november,0,0,0,0,0,0,0,0,0,0,0,1,0,0,0,1,0,1,0,1,0,1,0
E07000209,Guildford,Surrey,England,E,National,,,https://www.gov.uk/guidance/new-national-restrictions-from-5-november,0,0,0,0,0,0,0,0,0,0,0,1,0,0,0,1,0,1,0,1,0,1,0
E07000210,Mole Valley,Surrey,England,E,National,,,https://www.gov.uk/guidance/new-national-restrictions-from-5-november,0,0,0,0,0,0,0,0,0,0,0,1,0,0,0,1,0,1,0,1,0,1,0
E07000211,Reigate and Banstead,Surrey,England,E,National,,,https://www.gov.uk/guidance/new-national-restrictions-from-5-november,0,0,0,0,0,0,0,0,0,0,0,1,0,0,0,1,0,1,0,1,0,1,0
E07000212,Runnymede,Surrey,England,E,National,,,https://www.gov.uk/guidance/new-national-restrictions-from-5-november,0,0,0,0,0,0,0,0,0,0,0,1,0,0,0,1,0,1,0,1,0,1,0
E07000213,Spelthorne,Surrey,England,E,National,,,https://www.gov.uk/guidance/new-national-restrictions-from-5-november,0,0,0,0,0,0,0,0,0,0,0,1,0,0,0,1,0,1,0,1,0,1,0
E07000214,Surrey Heath,Surrey,England,E,National,,,https://www.gov.uk/guidance/new-national-restrictions-from-5-november,0,0,0,0,0,0,0,0,0,0,0,1,0,0,0,1,0,1,0,1,0,1,0
E07000215,Tandridge,Surrey,England,E,National,,,https://www.gov.uk/guidance/new-national-restrictions-from-5-november,0,0,0,0,0,0,0,0,0,0,0,1,0,0,0,1,0,1,0,1,0,1,0
E07000216,Waverley,Surrey,England,E,National,,,https://www.gov.uk/guidance/new-national-restrictions-from-5-november,0,0,0,0,0,0,0,0,0,0,0,1,0,0,0,1,0,1,0,1,0,1,0
E07000217,Woking,Surrey,England,E,National,,,https://www.gov.uk/guidance/new-national-restrictions-from-5-november,0,0,0,0,0,0,0,0,0,0,0,1,0,0,0,1,0,1,0,1,0,1,0
E07000218,North Warwickshire,Warwickshire,England,E,National,,,https://www.gov.uk/guidance/new-national-restrictions-from-5-november,0,0,0,0,0,0,0,0,0,0,0,1,0,0,0,1,0,1,0,1,0,1,0
E07000219,Nuneaton and Bedworth,Warwickshire,England,E,National,,,https://www.gov.uk/guidance/new-national-restrictions-from-5-november,0,0,0,0,0,0,0,0,0,0,0,1,0,0,0,1,0,1,0,1,0,1,0
E07000220,Rugby,Warwickshire,England,E,National,,,https://www.gov.uk/guidance/new-national-restrictions-from-5-november,0,0,0,0,0,0,0,0,0,0,0,1,0,0,0,1,0,1,0,1,0,1,0
E07000221,Stratford-on-Avon,Warwickshire,England,E,National,,,https://www.gov.uk/guidance/new-national-restrictions-from-5-november,0,0,0,0,0,0,0,0,0,0,0,1,0,0,0,1,0,1,0,1,0,1,0
E07000222,Warwick,Warwickshire,England,E,National,,,https://www.gov.uk/guidance/new-national-restrictions-from-5-november,0,0,0,0,0,0,0,0,0,0,0,1,0,0,0,1,0,1,0,1,0,1,0
E07000223,Adur,West Sussex,England,E,National,,,https://www.gov.uk/guidance/new-national-restrictions-from-5-november,0,0,0,0,0,0,0,0,0,0,0,1,0,0,0,1,0,1,0,1,0,1,0
E07000224,Arun,West Sussex,England,E,National,,,https://www.gov.uk/guidance/new-national-restrictions-from-5-november,0,0,0,0,0,0,0,0,0,0,0,1,0,0,0,1,0,1,0,1,0,1,0
E07000225,Chichester,West Sussex,England,E,National,,,https://www.gov.uk/guidance/new-national-restrictions-from-5-november,0,0,0,0,0,0,0,0,0,0,0,1,0,0,0,1,0,1,0,1,0,1,0
E07000226,Crawley,West Sussex,England,E,National,,,https://www.gov.uk/guidance/new-national-restrictions-from-5-november,0,0,0,0,0,0,0,0,0,0,0,1,0,0,0,1,0,1,0,1,0,1,0
E07000227,Horsham,West Sussex,England,E,National,,,https://www.gov.uk/guidance/new-national-restrictions-from-5-november,0,0,0,0,0,0,0,0,0,0,0,1,0,0,0,1,0,1,0,1,0,1,0
E07000228,Mid Sussex,West Sussex,England,E,National,,,https://www.gov.uk/guidance/new-national-restrictions-from-5-november,0,0,0,0,0,0,0,0,0,0,0,1,0,0,0,1,0,1,0,1,0,1,0
E07000229,Worthing,West Sussex,England,E,National,,,https://www.gov.uk/guidance/new-national-restrictions-from-5-november,0,0,0,0,0,0,0,0,0,0,0,1,0,0,0,1,0,1,0,1,0,1,0
E07000234,Bromsgrove,Worcestershire,England,E,National,,,https://www.gov.uk/guidance/new-national-restrictions-from-5-november,0,0,0,0,0,0,0,0,0,0,0,1,0,0,0,1,0,1,0,1,0,1,0
E07000235,Malvern Hills,Worcestershire,England,E,National,,,https://www.gov.uk/guidance/new-national-restrictions-from-5-november,0,0,0,0,0,0,0,0,0,0,0,1,0,0,0,1,0,1,0,1,0,1,0
E07000236,Redditch,Worcestershire,England,E,National,,,https://www.gov.uk/guidance/new-national-restrictions-from-5-november,0,0,0,0,0,0,0,0,0,0,0,1,0,0,0,1,0,1,0,1,0,1,0
E07000237,Worcester,Worcestershire,England,E,National,,,https://www.gov.uk/guidance/new-national-restrictions-from-5-november,0,0,0,0,0,0,0,0,0,0,0,1,0,0,0,1,0,1,0,1,0,1,0
E07000238,Wychavon,Worcestershire,England,E,National,,,https://www.gov.uk/guidance/new-national-restrictions-from-5-november,0,0,0,0,0,0,0,0,0,0,0,1,0,0,0,1,0,1,0,1,0,1,0
E07000239,Wyre Forest,Worcestershire,England,E,National,,,https://www.gov.uk/guidance/new-national-restrictions-from-5-november,0,0,0,0,0,0,0,0,0,0,0,1,0,0,0,1,0,1,0,1,0,1,0
E07000240,St Albans,Hertfordshire,England,E,National,,,https://www.gov.uk/guidance/new-national-restrictions-from-5-november,0,0,0,0,0,0,0,0,0,0,0,1,0,0,0,1,0,1,0,1,0,1,0
E07000241,Welwyn Hatfield,Hertfordshire,England,E,National,,,https://www.gov.uk/guidance/new-national-restrictions-from-5-november,0,0,0,0,0,0,0,0,0,0,0,1,0,0,0,1,0,1,0,1,0,1,0
E07000242,East Hertfordshire,Hertfordshire,England,E,National,,,https://www.gov.uk/guidance/new-national-restrictions-from-5-november,0,0,0,0,0,0,0,0,0,0,0,1,0,0,0,1,0,1,0,1,0,1,0
E07000243,Stevenage,Hertfordshire,England,E,National,,,https://www.gov.uk/guidance/new-national-restrictions-from-5-november,0,0,0,0,0,0,0,0,0,0,0,1,0,0,0,1,0,1,0,1,0,1,0
E07000244,East Suffolk,Suffolk,England,E,National,,,https://www.gov.uk/guidance/new-national-restrictions-from-5-november,0,0,0,0,0,0,0,0,0,0,0,1,0,0,0,1,0,1,0,1,0,1,0
E07000245,West Suffolk,Suffolk,England,E,National,,,https://www.gov.uk/guidance/new-national-restrictions-from-5-november,0,0,0,0,0,0,0,0,0,0,0,1,0,0,0,1,0,1,0,1,0,1,0
E07000246,Somerset West and Taunton,Somerset,England,E,National,,,https://www.gov.uk/guidance/new-national-restrictions-from-5-november,0,0,0,0,0,0,0,0,0,0,0,1,0,0,0,1,0,1,0,1,0,1,0
E08000001,Bolton,Bolton,England,E,National,,,https://www.gov.uk/guidance/new-national-restrictions-from-5-november,0,0,0,0,0,0,0,0,0,0,0,1,0,0,0,1,0,1,0,1,0,1,0
E08000002,Bury,Bury,England,E,National,,,https://www.gov.uk/guidance/new-national-restrictions-from-5-november,0,0,0,0,0,0,0,0,0,0,0,1,0,0,0,1,0,1,0,1,0,1,0
E08000003,Manchester,Manchester,England,E,National,,,https://www.gov.uk/guidance/new-national-restrictions-from-5-november,0,0,0,0,0,0,0,0,0,0,0,1,0,0,0,1,0,1,0,1,0,1,0
E08000004,Oldham,Oldham,England,E,National,,,https://www.gov.uk/guidance/new-national-restrictions-from-5-november,0,0,0,0,0,0,0,0,0,0,0,1,0,0,0,1,0,1,0,1,0,1,0
E08000005,Rochdale,Rochdale,England,E,National,,,https://www.gov.uk/guidance/new-national-restrictions-from-5-november,0,0,0,0,0,0,0,0,0,0,0,1,0,0,0,1,0,1,0,1,0,1,0
E08000006,Salford,Salford,England,E,National,,,https://www.gov.uk/guidance/new-national-restrictions-from-5-november,0,0,0,0,0,0,0,0,0,0,0,1,0,0,0,1,0,1,0,1,0,1,0
E08000007,Stockport,Stockport,England,E,National,,,https://www.gov.uk/guidance/new-national-restrictions-from-5-november,0,0,0,0,0,0,0,0,0,0,0,1,0,0,0,1,0,1,0,1,0,1,0
E08000008,Tameside,Tameside,England,E,National,,,https://www.gov.uk/guidance/new-national-restrictions-from-5-november,0,0,0,0,0,0,0,0,0,0,0,1,0,0,0,1,0,1,0,1,0,1,0
E08000009,Trafford,Trafford,England,E,National,,,https://www.gov.uk/guidance/new-national-restrictions-from-5-november,0,0,0,0,0,0,0,0,0,0,0,1,0,0,0,1,0,1,0,1,0,1,0
E08000010,Wigan,Wigan,England,E,National,,,https://www.gov.uk/guidance/new-national-restrictions-from-5-november,0,0,0,0,0,0,0,0,0,0,0,1,0,0,0,1,0,1,0,1,0,1,0
E08000011,Knowsley,Knowsley,England,E,National,,,https://www.gov.uk/guidance/new-national-restrictions-from-5-november,0,0,0,0,0,0,0,0,0,0,0,1,0,0,0,1,0,1,0,1,0,1,0
E08000012,Liverpool,Liverpool,England,E,National,,,https://www.gov.uk/guidance/new-national-restrictions-from-5-november,0,0,0,0,0,0,0,0,0,0,0,1,0,0,0,1,0,1,0,1,0,1,0
E08000013,St. Helens,St. Helens,England,E,National,,,https://www.gov.uk/guidance/new-national-restrictions-from-5-november,0,0,0,0,0,0,0,0,0,0,0,1,0,0,0,1,0,1,0,1,0,1,0
E08000014,Sefton,Sefton,England,E,National,,,https://www.gov.uk/guidance/new-national-restrictions-from-5-november,0,0,0,0,0,0,0,0,0,0,0,1,0,0,0,1,0,1,0,1,0,1,0
E08000015,Wirral,Wirral,England,E,National,,,https://www.gov.uk/guidance/new-national-restrictions-from-5-november,0,0,0,0,0,0,0,0,0,0,0,1,0,0,0,1,0,1,0,1,0,1,0
E08000016,Barnsley,Barnsley,England,E,National,,,https://www.gov.uk/guidance/new-national-restrictions-from-5-november,0,0,0,0,0,0,0,0,0,0,0,1,0,0,0,1,0,1,0,1,0,1,0
E08000017,Doncaster,Doncaster,England,E,National,,,https://www.gov.uk/guidance/new-national-restrictions-from-5-november,0,0,0,0,0,0,0,0,0,0,0,1,0,0,0,1,0,1,0,1,0,1,0
E08000018,Rotherham,Rotherham,England,E,National,,,https://www.gov.uk/guidance/new-national-restrictions-from-5-november,0,0,0,0,0,0,0,0,0,0,0,1,0,0,0,1,0,1,0,1,0,1,0
E08000019,Sheffield,Sheffield,England,E,National,,,https://www.gov.uk/guidance/new-national-restrictions-from-5-november,0,0,0,0,0,0,0,0,0,0,0,1,0,0,0,1,0,1,0,1,0,1,0
E08000021,Newcastle upon Tyne,Newcastle upon Tyne,England,E,National,,,https://www.gov.uk/guidance/new-national-restrictions-from-5-november,0,0,0,0,0,0,0,0,0,0,0,1,0,0,0,1,0,1,0,1,0,1,0
E08000022,North Tyneside,North Tyneside,England,E,National,,,https://www.gov.uk/guidance/new-national-restrictions-from-5-november,0,0,0,0,0,0,0,0,0,0,0,1,0,0,0,1,0,1,0,1,0,1,0
E08000023,South Tyneside,South Tyneside,England,E,National,,,https://www.gov.uk/guidance/new-national-restrictions-from-5-november,0,0,0,0,0,0,0,0,0,0,0,1,0,0,0,1,0,1,0,1,0,1,0
E08000024,Sunderland,Sunderland,England,E,National,,,https://www.gov.uk/guidance/new-national-restrictions-from-5-november,0,0,0,0,0,0,0,0,0,0,0,1,0,0,0,1,0,1,0,1,0,1,0
E08000025,Birmingham,Birmingham,England,E,National,,,https://www.gov.uk/guidance/new-national-restrictions-from-5-november,0,0,0,0,0,0,0,0,0,0,0,1,0,0,0,1,0,1,0,1,0,1,0
E08000026,Coventry,Coventry,England,E,National,,,https://www.gov.uk/guidance/new-national-restrictions-from-5-november,0,0,0,0,0,0,0,0,0,0,0,1,0,0,0,1,0,1,0,1,0,1,0
E08000027,Dudley,Dudley,England,E,National,,,https://www.gov.uk/guidance/new-national-restrictions-from-5-november,0,0,0,0,0,0,0,0,0,0,0,1,0,0,0,1,0,1,0,1,0,1,0
E08000028,Sandwell,Sandwell,England,E,National,,,https://www.gov.uk/guidance/new-national-restrictions-from-5-november,0,0,0,0,0,0,0,0,0,0,0,1,0,0,0,1,0,1,0,1,0,1,0
E08000029,Solihull,Solihull,England,E,National,,,https://www.gov.uk/guidance/new-national-restrictions-from-5-november,0,0,0,0,0,0,0,0,0,0,0,1,0,0,0,1,0,1,0,1,0,1,0
E08000030,Walsall,Walsall,England,E,National,,,https://www.gov.uk/guidance/new-national-restrictions-from-5-november,0,0,0,0,0,0,0,0,0,0,0,1,0,0,0,1,0,1,0,1,0,1,0
E08000031,Wolverhampton,Wolverhampton,England,E,National,,,https://www.gov.uk/guidance/new-national-restrictions-from-5-november,0,0,0,0,0,0,0,0,0,0,0,1,0,0,0,1,0,1,0,1,0,1,0
E08000032,Bradford,Bradford,England,E,National,,,https://www.gov.uk/guidance/new-national-restrictions-from-5-november,0,0,0,0,0,0,0,0,0,0,0,1,0,0,0,1,0,1,0,1,0,1,0
E08000033,Calderdale,Calderdale,England,E,National,,,https://www.gov.uk/guidance/new-national-restrictions-from-5-november,0,0,0,0,0,0,0,0,0,0,0,1,0,0,0,1,0,1,0,1,0,1,0
E08000034,Kirklees,Kirklees,England,E,National,,,https://www.gov.uk/guidance/new-national-restrictions-from-5-november,0,0,0,0,0,0,0,0,0,0,0,1,0,0,0,1,0,1,0,1,0,1,0
E08000035,Leeds,Leeds,England,E,National,,,https://www.gov.uk/guidance/new-national-restrictions-from-5-november,0,0,0,0,0,0,0,0,0,0,0,1,0,0,0,1,0,1,0,1,0,1,0
E08000036,Wakefield,Wakefield,England,E,National,,,https://www.gov.uk/guidance/new-national-restrictions-from-5-november,0,0,0,0,0,0,0,0,0,0,0,1,0,0,0,1,0,1,0,1,0,1,0
E08000037,Gateshead,Gateshead,England,E,National,,,https://www.gov.uk/guidance/new-national-restrictions-from-5-november,0,0,0,0,0,0,0,0,0,0,0,1,0,0,0,1,0,1,0,1,0,1,0
E09000001,City of London,City of London,England,E,National,,,https://www.gov.uk/guidance/new-national-restrictions-from-5-november,0,0,0,0,0,0,0,0,0,0,0,1,0,0,0,1,0,1,0,1,0,1,0
E09000002,Barking and Dagenham,Barking and Dagenham,England,E,National,,,https://www.gov.uk/guidance/new-national-restrictions-from-5-november,0,0,0,0,0,0,0,0,0,0,0,1,0,0,0,1,0,1,0,1,0,1,0
E09000003,Barnet,Barnet,England,E,National,,,https://www.gov.uk/guidance/new-national-restrictions-from-5-november,0,0,0,0,0,0,0,0,0,0,0,1,0,0,0,1,0,1,0,1,0,1,0
E09000004,Bexley,Bexley,England,E,National,,,https://www.gov.uk/guidance/new-national-restrictions-from-5-november,0,0,0,0,0,0,0,0,0,0,0,1,0,0,0,1,0,1,0,1,0,1,0
E09000005,Brent,Brent,England,E,National,,,https://www.gov.uk/guidance/new-national-restrictions-from-5-november,0,0,0,0,0,0,0,0,0,0,0,1,0,0,0,1,0,1,0,1,0,1,0
E09000006,Bromley,Bromley,England,E,National,,,https://www.gov.uk/guidance/new-national-restrictions-from-5-november,0,0,0,0,0,0,0,0,0,0,0,1,0,0,0,1,0,1,0,1,0,1,0
E09000007,Camden,Camden,England,E,National,,,https://www.gov.uk/guidance/new-national-restrictions-from-5-november,0,0,0,0,0,0,0,0,0,0,0,1,0,0,0,1,0,1,0,1,0,1,0
E09000008,Croydon,Croydon,England,E,National,,,https://www.gov.uk/guidance/new-national-restrictions-from-5-november,0,0,0,0,0,0,0,0,0,0,0,1,0,0,0,1,0,1,0,1,0,1,0
E09000009,Ealing,Ealing,England,E,National,,,https://www.gov.uk/guidance/new-national-restrictions-from-5-november,0,0,0,0,0,0,0,0,0,0,0,1,0,0,0,1,0,1,0,1,0,1,0
E09000010,Enfield,Enfield,England,E,National,,,https://www.gov.uk/guidance/new-national-restrictions-from-5-november,0,0,0,0,0,0,0,0,0,0,0,1,0,0,0,1,0,1,0,1,0,1,0
E09000011,Greenwich,Greenwich,England,E,National,,,https://www.gov.uk/guidance/new-national-restrictions-from-5-november,0,0,0,0,0,0,0,0,0,0,0,1,0,0,0,1,0,1,0,1,0,1,0
E09000012,Hackney,Hackney,England,E,National,,,https://www.gov.uk/guidance/new-national-restrictions-from-5-november,0,0,0,0,0,0,0,0,0,0,0,1,0,0,0,1,0,1,0,1,0,1,0
E09000013,Hammersmith and Fulham,Hammersmith and Fulham,England,E,National,,,https://www.gov.uk/guidance/new-national-restrictions-from-5-november,0,0,0,0,0,0,0,0,0,0,0,1,0,0,0,1,0,1,0,1,0,1,0
E09000014,Haringey,Haringey,England,E,National,,,https://www.gov.uk/guidance/new-national-restrictions-from-5-november,0,0,0,0,0,0,0,0,0,0,0,1,0,0,0,1,0,1,0,1,0,1,0
E09000015,Harrow,Harrow,England,E,National,,,https://www.gov.uk/guidance/new-national-restrictions-from-5-november,0,0,0,0,0,0,0,0,0,0,0,1,0,0,0,1,0,1,0,1,0,1,0
E09000016,Havering,Havering,England,E,National,,,https://www.gov.uk/guidance/new-national-restrictions-from-5-november,0,0,0,0,0,0,0,0,0,0,0,1,0,0,0,1,0,1,0,1,0,1,0
E09000017,Hillingdon,Hillingdon,England,E,National,,,https://www.gov.uk/guidance/new-national-restrictions-from-5-november,0,0,0,0,0,0,0,0,0,0,0,1,0,0,0,1,0,1,0,1,0,1,0
E09000018,Hounslow,Hounslow,England,E,National,,,https://www.gov.uk/guidance/new-national-restrictions-from-5-november,0,0,0,0,0,0,0,0,0,0,0,1,0,0,0,1,0,1,0,1,0,1,0
E09000019,Islington,Islington,England,E,National,,,https://www.gov.uk/guidance/new-national-restrictions-from-5-november,0,0,0,0,0,0,0,0,0,0,0,1,0,0,0,1,0,1,0,1,0,1,0
E09000020,Kensington and Chelsea,Kensington and Chelsea,England,E,National,,,https://www.gov.uk/guidance/new-national-restrictions-from-5-november,0,0,0,0,0,0,0,0,0,0,0,1,0,0,0,1,0,1,0,1,0,1,0
E09000021,Kingston upon Thames,Kingston upon Thames,England,E,National,,,https://www.gov.uk/guidance/new-national-restrictions-from-5-november,0,0,0,0,0,0,0,0,0,0,0,1,0,0,0,1,0,1,0,1,0,1,0
E09000022,Lambeth,Lambeth,England,E,National,,,https://www.gov.uk/guidance/new-national-restrictions-from-5-november,0,0,0,0,0,0,0,0,0,0,0,1,0,0,0,1,0,1,0,1,0,1,0
E09000023,Lewisham,Lewisham,England,E,National,,,https://www.gov.uk/guidance/new-national-restrictions-from-5-november,0,0,0,0,0,0,0,0,0,0,0,1,0,0,0,1,0,1,0,1,0,1,0
E09000024,Merton,Merton,England,E,National,,,https://www.gov.uk/guidance/new-national-restrictions-from-5-november,0,0,0,0,0,0,0,0,0,0,0,1,0,0,0,1,0,1,0,1,0,1,0
E09000025,Newham,Newham,England,E,National,,,https://www.gov.uk/guidance/new-national-restrictions-from-5-november,0,0,0,0,0,0,0,0,0,0,0,1,0,0,0,1,0,1,0,1,0,1,0
E09000026,Redbridge,Redbridge,England,E,National,,,https://www.gov.uk/guidance/new-national-restrictions-from-5-november,0,0,0,0,0,0,0,0,0,0,0,1,0,0,0,1,0,1,0,1,0,1,0
E09000027,Richmond upon Thames,Richmond upon Thames,England,E,National,,,https://www.gov.uk/guidance/new-national-restrictions-from-5-november,0,0,0,0,0,0,0,0,0,0,0,1,0,0,0,1,0,1,0,1,0,1,0
E09000028,Southwark,Southwark,England,E,National,,,https://www.gov.uk/guidance/new-national-restrictions-from-5-november,0,0,0,0,0,0,0,0,0,0,0,1,0,0,0,1,0,1,0,1,0,1,0
E09000029,Sutton,Sutton,England,E,National,,,https://www.gov.uk/guidance/new-national-restrictions-from-5-november,0,0,0,0,0,0,0,0,0,0,0,1,0,0,0,1,0,1,0,1,0,1,0
E09000030,Tower Hamlets,Tower Hamlets,England,E,National,,,https://www.gov.uk/guidance/new-national-restrictions-from-5-november,0,0,0,0,0,0,0,0,0,0,0,1,0,0,0,1,0,1,0,1,0,1,0
E09000031,Waltham Forest,Waltham Forest,England,E,National,,,https://www.gov.uk/guidance/new-national-restrictions-from-5-november,0,0,0,0,0,0,0,0,0,0,0,1,0,0,0,1,0,1,0,1,0,1,0
E09000032,Wandsworth,Wandsworth,England,E,National,,,https://www.gov.uk/guidance/new-national-restrictions-from-5-november,0,0,0,0,0,0,0,0,0,0,0,1,0,0,0,1,0,1,0,1,0,1,0
E09000033,Westminster,Westminster,England,E,National,,,https://www.gov.uk/guidance/new-national-restrictions-from-5-november,0,0,0,0,0,0,0,0,0,0,0,1,0,0,0,1,0,1,0,1,0,1,0
N09000001,Antrim and Newtownabbey,,Northern Ireland,N,National,,,https://www.nidirect.gov.uk/articles/coronavirus-covid-19-regulations-guidance-what-restrictions-mean-you,0,0,0,0,0,0,0,0,0,0,0,0,0,1,1,0,0,0,1,1,1,1,0
N09000002,"Armagh City, Banbridge and Craigavon",,Northern Ireland,N,National,,,https://www.nidirect.gov.uk/articles/coronavirus-covid-19-regulations-guidance-what-restrictions-mean-you,0,0,0,0,0,0,0,0,0,0,0,0,0,1,1,0,0,0,1,1,1,1,0
N09000003,Belfast,,Northern Ireland,N,National,,,https://www.nidirect.gov.uk/articles/coronavirus-covid-19-regulations-guidance-what-restrictions-mean-you,0,0,0,0,0,0,0,0,0,0,0,0,0,1,1,0,0,0,1,1,1,1,0
N09000004,Causeway Coast and Glens,,Northern Ireland,N,National,,,https://www.nidirect.gov.uk/articles/coronavirus-covid-19-regulations-guidance-what-restrictions-mean-you,0,0,0,0,0,0,0,0,0,0,0,0,0,1,1,0,0,0,1,1,1,1,0
N09000005,Derry City and Strabane,,Northern Ireland,N,National,,,https://www.nidirect.gov.uk/articles/coronavirus-covid-19-regulations-guidance-what-restrictions-mean-you,0,0,0,0,0,0,0,0,0,0,0,0,0,1,1,0,0,0,1,1,1,1,0
N09000006,Fermanagh and Omagh,,Northern Ireland,N,National,,,https://www.nidirect.gov.uk/articles/coronavirus-covid-19-regulations-guidance-what-restrictions-mean-you,0,0,0,0,0,0,0,0,0,0,0,0,0,1,1,0,0,0,1,1,1,1,0
N09000007,Lisburn and Castlereagh,,Northern Ireland,N,National,,,https://www.nidirect.gov.uk/articles/coronavirus-covid-19-regulations-guidance-what-restrictions-mean-you,0,0,0,0,0,0,0,0,0,0,0,0,0,1,1,0,0,0,1,1,1,1,0
N09000008,Mid and East Antrim,,Northern Ireland,N,National,,,https://www.nidirect.gov.uk/articles/coronavirus-covid-19-regulations-guidance-what-restrictions-mean-you,0,0,0,0,0,0,0,0,0,0,0,0,0,1,1,0,0,0,1,1,1,1,0
N09000009,Mid Ulster,,Northern Ireland,N,National,,,https://www.nidirect.gov.uk/articles/coronavirus-covid-19-regulations-guidance-what-restrictions-mean-you,0,0,0,0,0,0,0,0,0,0,0,0,0,1,1,0,0,0,1,1,1,1,0
N09000010,"Newry, Mourne and Down",,Northern Ireland,N,National,,,https://www.nidirect.gov.uk/articles/coronavirus-covid-19-regulations-guidance-what-restrictions-mean-you,0,0,0,0,0,0,0,0,0,0,0,0,0,1,1,0,0,0,1,1,1,1,0
N09000011,Ards and North Down,,Northern Ireland,N,National,,,https://www.nidirect.gov.uk/articles/coronavirus-covid-19-regulations-guidance-what-restrictions-mean-you,0,0,0,0,0,0,0,0,0,0,0,0,0,1,1,0,0,0,1,1,1,1,0
S12000013,Na h-Eileanan Siar,,Na h-Eileanan Siar,S,Local,1,http://www.gov.scot/publications/coronavirus-covid-19-protection-levels/pages/protection-level-1/,,0,1,0,0,0,0,0,0,1,1,0,0,0,0,0,0,0,0,0,0,0,0,1
S12000017,Highland,,Highland,S,Local,1,http://www.gov.scot/publications/coronavirus-covid-19-protection-levels/pages/protection-level-1/,,0,1,1,0,0,0,0,0,1,1,0,0,0,0,0,0,0,0,0,0,0,0,1
S12000020,Moray,,Moray,S,Local,1,http://www.gov.scot/publications/coronavirus-covid-19-protection-levels/pages/protection-level-1/,,0,1,1,0,0,0,0,0,1,1,0,0,0,0,0,0,0,0,0,0,0,0,1
S12000023,Orkney Islands,,Orkney Islands,S,Local,1,http://www.gov.scot/publications/coronavirus-covid-19-protection-levels/pages/protection-level-1/,,0,1,0,0,0,0,0,0,1,1,0,0,0,0,0,0,0,0,0,0,0,0,1
S12000027,Shetland Islands,,Shetland Islands,S,Local,1,http://www.gov.scot/publications/coronavirus-covid-19-protection-levels/pages/protection-level-1/,,0,1,0,0,0,0,0,0,1,1,0,0,0,0,0,0,0,0,0,0,0,0,1
S12000006,Dumfries and Galloway,,Dumfries and Galloway,S,Local,2,http://www.gov.scot/publications/coronavirus-covid-19-protection-levels/pages/protection-level-2/,,0,1,1,0,0,0,0,0,1,1,1,0,0,0,0,0,0,0,0,0,0,0,1
S12000026,Scottish Borders,,Scottish Borders,S,Local,2,http://www.gov.scot/publications/coronavirus-covid-19-protection-levels/pages/protection-level-2/,,0,1,1,0,0,0,0,0,1,1,1,0,0,0,0,0,0,0,0,0,0,0,1
S12000033,Aberdeen City,,Aberdeen City,S,Local,2,http://www.gov.scot/publications/coronavirus-covid-19-protection-levels/pages/protection-level-2/,,0,1,1,0,0,0,0,0,1,1,1,0,0,0,0,0,0,0,0,0,0,0,1
S12000034,Aberdeenshire,,Aberdeenshire,S,Local,2,http://www.gov.scot/publications/coronavirus-covid-19-protection-levels/pages/protection-level-2/,,0,1,1,0,0,0,0,0,1,1,1,0,0,0,0,0,0,0,0,0,0,0,1
S12000035,Argyll and Bute,,Argyll and Bute,S,Local,2,http://www.gov.scot/publications/coronavirus-covid-19-protection-levels/pages/protection-level-2/,,0,1,1,0,0,0,0,0,1,1,1,0,0,0,0,0,0,0,0,0,0,0,1
S12000005,Clackmannanshire,,Clackmannanshire,S,Local,3,http://www.gov.scot/publications/coronavirus-covid-19-protection-levels/pages/protection-level-3/,,0,1,1,0,0,1,0,0,1,1,1,0,0,0,0,0,0,0,0,0,0,0,1
S12000010,East Lothian,,East Lothian,S,Local,2,http://www.gov.scot/publications/coronavirus-covid-19-protection-levels/pages/protection-level-2/,,0,1,1,0,0,0,0,0,1,1,1,0,0,0,0,0,0,0,0,0,0,0,1
S12000014,Falkirk,,Falkirk,S,Local,3,http://www.gov.scot/publications/coronavirus-covid-19-protection-levels/pages/protection-level-3/,,0,1,1,0,0,1,0,0,1,1,1,0,0,0,0,0,0,0,0,0,0,0,1
S12000018,Inverclyde,,Inverclyde,S,Local,3,http://www.gov.scot/publications/coronavirus-covid-19-protection-levels/pages/protection-level-3/,,0,1,1,0,0,1,0,0,1,1,1,0,0,0,0,0,0,0,0,0,0,0,1
S12000019,Midlothian,,Midlothian,S,Local,2,http://www.gov.scot/publications/coronavirus-covid-19-protection-levels/pages/protection-level-2/,,0,1,1,0,0,0,0,0,1,1,1,0,0,0,0,0,0,0,0,0,0,0,1
S12000021,North Ayrshire,,North Ayrshire,S,Local,3,http://www.gov.scot/publications/coronavirus-covid-19-protection-levels/pages/protection-level-3/,,0,1,1,0,0,1,0,0,1,1,1,0,0,0,0,0,0,0,0,0,0,0,1
S12000036,City of Edinburgh,,City of Edinburgh,S,Local,3,http://www.gov.scot/publications/coronavirus-covid-19-protection-levels/pages/protection-level-3/,,0,1,1,0,0,1,0,0,1,1,1,0,0,0,0,0,0,0,0,0,0,0,1
S12000041,Angus,,Angus,S,Local,3,http://www.gov.scot/publications/coronavirus-covid-19-protection-levels/pages/protection-level-3/,,0,1,1,0,0,1,0,0,1,1,1,0,0,0,0,0,0,0,0,0,0,0,1
S12000042,Dundee City,,Dundee City,S,Local,3,http://www.gov.scot/publications/coronavirus-covid-19-protection-levels/pages/protection-level-3/,,0,1,1,0,0,1,0,0,1,1,1,0,0,0,0,0,0,0,0,0,0,0,1
S12000047,Fife,,Fife,S,Local,3,http://www.gov.scot/publications/coronavirus-covid-19-protection-levels/pages/protection-level-3/,,0,1,1,0,0,1,0,0,1,1,1,0,0,0,0,0,0,0,0,0,0,0,1
S12000048,Perth and Kinross,,Perth and Kinross,S,Local,3,http://www.gov.scot/publications/coronavirus-covid-19-protection-levels/pages/protection-level-3/,,0,1,1,0,0,1,0,0,1,1,1,0,0,0,0,0,0,0,0,0,0,0,1
S12000008,East Ayrshire,,East Ayrshire,S,Local,4,http://www.gov.scot/publications/coronavirus-covid-19-protection-levels/pages/protection-level-4/,,0,1,1,0,0,1,0,0,1,0,0,0,0,0,0,0,0,0,0,0,0,0,1
S12000011,East Renfrewshire,,East Renfrewshire,S,Local,4,http://www.gov.scot/publications/coronavirus-covid-19-protection-levels/pages/protection-level-4/,,0,1,1,0,0,1,0,0,1,0,0,0,0,0,0,0,0,0,0,0,0,0,1
S12000028,South Ayrshire,,South Ayrshire,S,Local,4,http://www.gov.scot/publications/coronavirus-covid-19-protection-levels/pages/protection-level-4/,,0,1,1,0,0,1,0,0,1,0,0,0,0,0,0,0,0,0,0,0,0,0,1
S12000029,South Lanarkshire,,South Lanarkshire,S,Local,4,http://www.gov.scot/publications/coronavirus-covid-19-protection-levels/pages/protection-level-4/,,0,1,1,0,0,1,0,0,1,0,0,0,0,0,0,0,0,0,0,0,0,0,1
S12000030,Stirling,,Stirling,S,Local,4,http://www.gov.scot/publications/coronavirus-covid-19-protection-levels/pages/protection-level-4/,,0,1,1,0,0,1,0,0,1,0,0,0,0,0,0,0,0,0,0,0,0,0,1
S12000038,Renfrewshire,,Renfrewshire,S,Local,4,http://www.gov.scot/publications/coronavirus-covid-19-protection-levels/pages/protection-level-4/,,0,1,1,0,0,1,0,0,1,0,0,0,0,0,0,0,0,0,0,0,0,0,1
S12000039,West Dunbartonshire,,West Dunbartonshire,S,Local,4,http://www.gov.scot/publications/coronavirus-covid-19-protection-levels/pages/protection-level-4/,,0,1,1,0,0,1,0,0,1,0,0,0,0,0,0,0,0,0,0,0,0,0,1
S12000040,West Lothian,,West Lothian,S,Local,4,http://www.gov.scot/publications/coronavirus-covid-19-protection-levels/pages/protection-level-4/,,0,1,1,0,0,1,0,0,1,0,0,0,0,0,0,0,0,0,0,0,0,0,1
S12000045,East Dunbartonshire,,East Dunbartonshire,S,Local,4,http://www.gov.scot/publications/coronavirus-covid-19-protection-levels/pages/protection-level-4/,,0,1,1,0,0,1,0,0,1,0,0,0,0,0,0,0,0,0,0,0,0,0,1
S12000049,Glasgow City,,Glasgow City,S,Local,4,http://www.gov.scot/publications/coronavirus-covid-19-protection-levels/pages/protection-level-4/,,0,1,1,0,0,1,0,0,1,0,0,0,0,0,0,0,0,0,0,0,0,0,1
S12000050,North Lanarkshire,,North Lanarkshire,S,Local,4,http://www.gov.scot/publications/coronavirus-covid-19-protection-levels/pages/protection-level-4/,,0,1,1,0,0,1,0,0,1,0,0,0,0,0,0,0,0,0,0,0,0,0,1
W06000001,Isle of Anglesey,,Wales,W,National,,,https://gov.wales/coronavirus-regulations-guidance,0,0,0,0,0,0,0,0,0,0,0,0,0,1,1,1,0,0,0,1,0,1,1
W06000002,Gwynedd,,Wales,W,National,,,https://gov.wales/coronavirus-regulations-guidance,0,0,0,0,0,0,0,0,0,0,0,0,0,1,1,1,0,0,0,1,0,1,1
W06000003,Conwy,,Wales,W,National,,,https://gov.wales/coronavirus-regulations-guidance,0,0,0,0,0,0,0,0,0,0,0,0,0,1,1,1,0,0,0,1,0,1,1
W06000004,Denbighshire,,Wales,W,National,,,https://gov.wales/coronavirus-regulations-guidance,0,0,0,0,0,0,0,0,0,0,0,0,0,1,1,1,0,0,0,1,0,1,1
W06000005,Flintshire,,Wales,W,National,,,https://gov.wales/coronavirus-regulations-guidance,0,0,0,0,0,0,0,0,0,0,0,0,0,1,1,1,0,0,0,1,0,1,1
W06000006,Wrexham,,Wales,W,National,,,https://gov.wales/coronavirus-regulations-guidance,0,0,0,0,0,0,0,0,0,0,0,0,0,1,1,1,0,0,0,1,0,1,1
W06000008,Ceredigion,,Wales,W,National,,,https://gov.wales/coronavirus-regulations-guidance,0,0,0,0,0,0,0,0,0,0,0,0,0,1,1,1,0,0,0,1,0,1,1
W06000009,Pembrokeshire,,Wales,W,National,,,https://gov.wales/coronavirus-regulations-guidance,0,0,0,0,0,0,0,0,0,0,0,0,0,1,1,1,0,0,0,1,0,1,1
W06000010,Carmarthenshire,,Wales,W,National,,,https://gov.wales/coronavirus-regulations-guidance,0,0,0,0,0,0,0,0,0,0,0,0,0,1,1,1,0,0,0,1,0,1,1
W06000011,Swansea,,Wales,W,National,,,https://gov.wales/coronavirus-regulations-guidance,0,0,0,0,0,0,0,0,0,0,0,0,0,1,1,1,0,0,0,1,0,1,1
W06000012,Neath Port Talbot,,Wales,W,National,,,https://gov.wales/coronavirus-regulations-guidance,0,0,0,0,0,0,0,0,0,0,0,0,0,1,1,1,0,0,0,1,0,1,1
W06000013,Bridgend,,Wales,W,National,,,https://gov.wales/coronavirus-regulations-guidance,0,0,0,0,0,0,0,0,0,0,0,0,0,1,1,1,0,0,0,1,0,1,1
W06000014,Vale of Glamorgan,,Wales,W,National,,,https://gov.wales/coronavirus-regulations-guidance,0,0,0,0,0,0,0,0,0,0,0,0,0,1,1,1,0,0,0,1,0,1,1
W06000015,Cardiff,,Wales,W,National,,,https://gov.wales/coronavirus-regulations-guidance,0,0,0,0,0,0,0,0,0,0,0,0,0,1,1,1,0,0,0,1,0,1,1
W06000016,Rhondda Cynon Taf,,Wales,W,National,,,https://gov.wales/coronavirus-regulations-guidance,0,0,0,0,0,0,0,0,0,0,0,0,0,1,1,1,0,0,0,1,0,1,1
W06000018,Caerphilly,,Wales,W,National,,,https://gov.wales/coronavirus-regulations-guidance,0,0,0,0,0,0,0,0,0,0,0,0,0,1,1,1,0,0,0,1,0,1,1
W06000019,Blaenau Gwent,,Wales,W,National,,,https://gov.wales/coronavirus-regulations-guidance,0,0,0,0,0,0,0,0,0,0,0,0,0,1,1,1,0,0,0,1,0,1,1
W06000020,Torfaen,,Wales,W,National,,,https://gov.wales/coronavirus-regulations-guidance,0,0,0,0,0,0,0,0,0,0,0,0,0,1,1,1,0,0,0,1,0,1,1
W06000021,Monmouthshire,,Wales,W,National,,,https://gov.wales/coronavirus-regulations-guidance,0,0,0,0,0,0,0,0,0,0,0,0,0,1,1,1,0,0,0,1,0,1,1
W06000022,Newport,,Wales,W,National,,,https://gov.wales/coronavirus-regulations-guidance,0,0,0,0,0,0,0,0,0,0,0,0,0,1,1,1,0,0,0,1,0,1,1
W06000023,Powys,,Wales,W,National,,,https://gov.wales/coronavirus-regulations-guidance,0,0,0,0,0,0,0,0,0,0,0,0,0,1,1,1,0,0,0,1,0,1,1
W06000024,Merthyr Tydfil,,Wales,W,National,,,https://gov.wales/coronavirus-regulations-guidance,0,0,0,0,0,0,0,0,0,0,0,0,0,1,1,1,0,0,0,1,0,1,1
